{
    "rmse": 0.05133343835916045,
    "mae": 0.03991102399192306,
    "adj_r2": 0.8671066036251376
}